instance_id,music_genre
72394,Rap
78331,Rock
74228,Blues
78829,Classical
91469,Electronic
54558,Blues
44055,Anime
29671,Country
56323,Hip-Hop
54809,Country
53565,Anime
69565,Blues
39014,Country
40219,Country
58058,Blues
41339,Blues
25263,Alternative
43628,Electronic
57582,Rock
64912,Rap
30690,Jazz
81733,Classical
68478,Country
87062,Rock
50604,Anime
51443,Jazz
52375,Country
43645,Classical
62180,Hip-Hop
91491,Anime
57217,Rap
30912,Jazz
37289,Blues
83848,Alternative
88071,Jazz
78696,Rock
73721,Alternative
21431,Rap
33066,Anime
71571,Anime
54360,Rock
61237,Electronic
35526,Blues
79272,Blues
42113,Country
76959,Alternative
28240,Rock
78684,Rock
23339,Country
66580,Blues
62293,Rap
73224,Blues
63436,Anime
85265,Rap
42894,Rock
32778,Classical
57621,Anime
68429,Alternative
48412,Rap
80048,Blues
36643,Country
51269,Jazz
36620,Jazz
47393,Blues
27054,Blues
74946,Rock
78997,Country
34604,Rap
48875,Alternative
84383,Alternative
82285,Rock
49168,Classical
74540,Rap
22782,Blues
65605,Country
27942,Anime
67531,Country
51652,Alternative
23769,Rock
25734,Rap
77761,Jazz
90879,Blues
66951,Classical
21111,Electronic
54227,Anime
79612,Rock
36250,Anime
71243,Alternative
41033,Country
55882,Country
67981,Rock
78157,Blues
39280,Rock
65167,Anime
34067,Classical
71541,Jazz
88524,Rock
55966,Hip-Hop
29854,Electronic
47533,Anime
84957,Blues
27733,Alternative
88890,Country
81300,Blues
25948,Blues
30686,Blues
33241,Electronic
79393,Alternative
85447,Blues
24779,Electronic
21888,Electronic
22450,Anime
76444,Country
30361,Blues
21530,Alternative
53803,Rap
79589,Rap
65289,Country
38631,Country
34026,Rock
81881,Country
79755,Anime
67894,Rock
50248,Country
32074,Hip-Hop
41890,Alternative
36233,Rap
31135,Rock
45720,Rock
78113,Rock
66599,Jazz
37709,Blues
41952,Anime
90953,Rock
26762,Jazz
62414,Country
54492,Classical
22070,Rock
34735,Jazz
91709,Anime
79337,Classical
89947,Electronic
82280,Blues
67551,Classical
49912,Blues
44285,Classical
26763,Rock
39166,Rap
58075,Anime
49533,Jazz
79989,Jazz
62607,Hip-Hop
85075,Hip-Hop
56756,Classical
28898,Country
30503,Rap
45222,Classical
68913,Country
74995,Electronic
47775,Blues
37384,Rock
49180,Country
79508,Rap
85665,Classical
79277,Country
82350,Blues
61130,Classical
78807,Classical
67592,Classical
58204,Rap
47432,Classical
42683,Country
72925,Hip-Hop
25202,Classical
41096,Jazz
61562,Jazz
67914,Country
50650,Blues
32141,Jazz
51665,Country
70042,Rock
27911,Rock
47588,Anime
23053,Electronic
42143,Blues
58240,Anime
67419,Blues
75524,Jazz
29774,Alternative
60161,Rap
50100,Electronic
22155,Country
28074,Rock
70652,Anime
48379,Electronic
80693,Anime
69079,Hip-Hop
29436,Rock
55813,Alternative
41472,Classical
69744,Anime
85910,Rock
79522,Rap
65953,Anime
70639,Electronic
79193,Rap
35294,Anime
77931,Blues
63066,Rap
68106,Blues
68770,Jazz
75085,Alternative
86706,Electronic
49496,Blues
37736,Classical
23204,Jazz
30121,Country
66816,Anime
28760,Electronic
58429,Rock
39227,Jazz
83656,Rock
58626,Hip-Hop
76948,Alternative
40834,Country
59319,Alternative
32156,Hip-Hop
35817,Jazz
77770,Jazz
25530,Rap
26142,Jazz
23005,Country
59474,Rap
45707,Rap
27027,Electronic
57553,Rap
41262,Anime
78385,Electronic
65943,Hip-Hop
22917,Anime
81906,Hip-Hop
83134,Hip-Hop
85448,Alternative
58815,Rap
20724,Blues
52020,Country
87928,Country
91571,Classical
61361,Electronic
61824,Country
91068,Anime
26519,Rap
54567,Alternative
84864,Electronic
89590,Rap
40950,Alternative
84346,Hip-Hop
88444,Hip-Hop
84165,Electronic
54821,Electronic
49692,Country
46715,Jazz
52010,Country
25725,Alternative
30019,Country
35896,Rock
79523,Electronic
86615,Country
59679,Country
79128,Blues
32687,Blues
36166,Country
23042,Rap
86267,Electronic
86002,Classical
54217,Country
32061,Country
90641,Anime
25215,Anime
76746,Hip-Hop
55403,Electronic
34635,Hip-Hop
48834,Jazz
60260,Anime
88414,Rock
27670,Blues
44229,Blues
52175,Alternative
74508,Blues
38226,Country
46508,Jazz
28366,Rock
76786,Anime
79751,Alternative
68264,Rap
35263,Blues
27380,Anime
43617,Classical
66753,Country
81392,Country
87466,Classical
43503,Country
64420,Electronic
79663,Electronic
69705,Jazz
23454,Anime
82220,Rap
26077,Classical
79197,Rap
44679,Country
87060,Classical
69407,Classical
32903,Alternative
59070,Classical
84713,Country
39540,Alternative
62139,Rap
45163,Electronic
30628,Country
79958,Anime
67145,Country
89361,Blues
30081,Blues
73908,Classical
54879,Alternative
67338,Country
27123,Blues
91289,Jazz
53547,Alternative
78358,Blues
73070,Classical
26421,Jazz
65393,Anime
27409,Jazz
54312,Classical
74195,Blues
48112,Anime
48227,Rap
29974,Jazz
75851,Blues
38200,Classical
34119,Rap
27378,Alternative
64587,Country
85250,Rap
57713,Classical
57625,Blues
21071,Blues
54208,Rap
22607,Electronic
28279,Country
33901,Classical
35304,Blues
43728,Rock
38952,Electronic
87301,Jazz
68674,Hip-Hop
89545,Country
84037,Electronic
38489,Jazz
89685,Anime
86956,Country
54030,Hip-Hop
82915,Alternative
52094,Country
20113,Anime
87653,Anime
26678,Country
51560,Jazz
56709,Rock
53403,Anime
22619,Alternative
54616,Hip-Hop
61554,Jazz
77452,Electronic
28964,Alternative
76506,Alternative
33456,Country
60030,Country
67030,Hip-Hop
89424,Rap
44108,Rap
75115,Country
80442,Jazz
44755,Electronic
81727,Hip-Hop
90895,Anime
80298,Hip-Hop
36834,Alternative
42371,Electronic
30453,Blues
36618,Classical
61161,Rock
69958,Jazz
77541,Anime
39478,Hip-Hop
53182,Anime
37367,Rap
78633,Alternative
48596,Rock
74826,Alternative
61234,Country
62521,Electronic
23508,Electronic
77220,Country
39623,Anime
67572,Country
82669,Rock
76013,Anime
80753,Rock
48074,Anime
64825,Rock
63874,Electronic
57271,Rock
67118,Anime
39573,Anime
42067,Alternative
48139,Hip-Hop
59730,Jazz
32174,Electronic
73134,Rap
44579,Electronic
31042,Anime
73932,Jazz
88390,Alternative
83099,Rap
78602,Anime
35740,Country
54430,Rap
46176,Blues
59673,Anime
79201,Blues
83689,Rap
77132,Rap
66739,Alternative
88734,Jazz
39970,Rap
76018,Rock
44135,Country
36561,Rock
84578,Electronic
70828,Hip-Hop
27262,Country
67100,Rap
88257,Blues
21285,Rap
39144,Rap
81556,Alternative
72512,Jazz
70076,Electronic
60876,Alternative
66334,Jazz
21821,Electronic
66861,Classical
59942,Country
61748,Electronic
30388,Electronic
47767,Blues
33039,Electronic
49775,Rock
20810,Anime
36524,Anime
79824,Hip-Hop
36410,Electronic
62021,Rap
41738,Hip-Hop
30543,Jazz
32989,Rap
28163,Rock
33828,Rap
67600,Country
61671,Electronic
63726,Alternative
84088,Blues
28335,Jazz
88531,Anime
22198,Alternative
38212,Rap
66928,Alternative
85196,Anime
31945,Electronic
69376,Electronic
47711,Alternative
26007,Hip-Hop
23664,Country
84668,Country
51534,Country
29908,Electronic
62571,Alternative
68035,Classical
47258,Rap
32688,Country
69783,Rap
25785,Anime
74474,Jazz
60437,Electronic
23622,Blues
46132,Country
44894,Classical
26779,Jazz
90219,Rock
91167,Jazz
54884,Rap
64678,Jazz
83764,Country
28186,Blues
60777,Alternative
43148,Blues
80212,Hip-Hop
27001,Anime
34554,Hip-Hop
89072,Blues
82282,Blues
54254,Rock
82299,Alternative
54079,Rap
25381,Jazz
61659,Rock
71642,Alternative
30541,Country
31155,Country
46418,Alternative
82955,Classical
70585,Anime
88180,Classical
62783,Alternative
50771,Classical
21105,Blues
56479,Rap
90177,Blues
63384,Electronic
68536,Country
79598,Rock
25252,Anime
60822,Blues
41580,Rap
61907,Anime
32568,Country
39605,Electronic
64719,Country
23473,Alternative
81112,Hip-Hop
32712,Jazz
54062,Anime
73419,Rap
22248,Electronic
45343,Rap
29305,Country
73902,Blues
51267,Blues
36521,Anime
67241,Classical
22494,Classical
86486,Alternative
39626,Alternative
63481,Alternative
47892,Country
68152,Electronic
47899,Hip-Hop
54923,Jazz
27286,Electronic
43609,Electronic
82006,Anime
37701,Rap
88692,Country
50528,Country
39604,Country
46776,Rap
44480,Electronic
47890,Electronic
71497,Country
81884,Jazz
25192,Jazz
47627,Jazz
39869,Hip-Hop
87753,Blues
40270,Country
82276,Electronic
52182,Blues
88872,Rap
57298,Jazz
63095,Electronic
65017,Country
26520,Country
30517,Anime
90819,Rap
46832,Country
57028,Electronic
27156,Blues
68329,Anime
74505,Jazz
46114,Classical
43169,Classical
24200,Country
33600,Country
55719,Country
24202,Electronic
33488,Blues
46652,Rap
32250,Rock
27917,Electronic
73828,Rap
34363,Anime
46939,Country
53574,Classical
55328,Anime
31058,Anime
80721,Anime
22781,Rock
34175,Electronic
26434,Blues
85393,Classical
52736,Country
40831,Electronic
86484,Electronic
87650,Hip-Hop
74169,Rock
83022,Electronic
34209,Electronic
74159,Country
33612,Classical
68424,Country
75224,Electronic
49084,Country
39702,Anime
45739,Country
38698,Jazz
79081,Blues
33331,Jazz
86104,Jazz
20012,Hip-Hop
87531,Electronic
45150,Rock
34334,Jazz
51276,Alternative
88987,Electronic
66713,Country
84021,Anime
22006,Anime
22334,Anime
74062,Jazz
73539,Anime
60571,Jazz
46242,Blues
91648,Rock
62330,Jazz
60498,Hip-Hop
85106,Rap
68305,Country
90043,Electronic
86790,Blues
90184,Rock
80511,Electronic
79134,Blues
63966,Hip-Hop
60788,Alternative
88837,Rock
77370,Rock
25926,Electronic
42355,Anime
56055,Rock
73476,Country
89357,Anime
89341,Blues
36052,Anime
61683,Electronic
78218,Electronic
83620,Electronic
23649,Electronic
50688,Alternative
39564,Rap
75891,Anime
85932,Country
23968,Anime
59522,Electronic
70467,Rock
85663,Country
88921,Alternative
36991,Alternative
78594,Alternative
61995,Classical
83252,Anime
88471,Anime
24075,Hip-Hop
59115,Hip-Hop
39593,Country
69884,Electronic
31641,Country
20089,Country
73942,Jazz
48014,Rock
78231,Anime
27833,Alternative
52213,Classical
77273,Anime
27315,Blues
45858,Anime
36062,Country
42993,Blues
70517,Rap
49585,Rap
25399,Blues
86456,Country
23077,Hip-Hop
91043,Rock
35454,Jazz
44686,Blues
88556,Alternative
31223,Electronic
82000,Jazz
37980,Rock
77133,Alternative
69588,Electronic
51445,Electronic
84941,Country
65009,Blues
84111,Hip-Hop
27138,Electronic
59133,Alternative
27294,Anime
77838,Country
70428,Blues
34710,Rap
76120,Blues
51605,Anime
46410,Rap
80709,Alternative
69711,Country
71185,Jazz
44391,Alternative
55364,Classical
83340,Rock
32746,Jazz
53594,Country
90662,Jazz
20293,Rap
58664,Country
65387,Hip-Hop
54970,Electronic
75651,Rap
52541,Rock
68393,Anime
84582,Electronic
53269,Jazz
40371,Rock
51394,Alternative
56696,Rap
61463,Jazz
62339,Rock
66487,Blues
64087,Blues
22515,Blues
61909,Rock
90415,Alternative
60814,Country
22877,Rap
26870,Blues
63050,Rap
63890,Jazz
36296,Rock
68906,Hip-Hop
69455,Hip-Hop
67875,Electronic
71487,Electronic
54323,Alternative
42456,Rap
69741,Rock
35208,Anime
80482,Electronic
21353,Jazz
36879,Rap
63741,Anime
74739,Country
30089,Country
21957,Blues
79898,Blues
79232,Rock
66939,Rap
90367,Rock
72693,Anime
23392,Alternative
62881,Blues
58433,Electronic
51099,Rock
31412,Anime
68580,Electronic
66734,Electronic
49265,Country
22571,Blues
67535,Country
43440,Country
63993,Rap
32953,Classical
40379,Anime
28507,Country
45621,Blues
84202,Electronic
90566,Alternative
79392,Electronic
77764,Classical
52823,Jazz
89185,Country
34441,Rap
59375,Blues
56834,Country
21941,Jazz
30684,Rap
56890,Alternative
59231,Blues
68965,Alternative
86519,Rap
44600,Rock
78544,Jazz
81496,Anime
82140,Blues
50866,Anime
87697,Rap
71606,Anime
74187,Jazz
46749,Rap
61172,Country
67379,Rock
43708,Country
48753,Electronic
86247,Hip-Hop
39321,Electronic
81303,Jazz
31700,Rap
39283,Anime
86223,Classical
69730,Blues
81325,Rap
54702,Hip-Hop
25164,Jazz
29295,Blues
28821,Country
23465,Alternative
28266,Rock
63607,Electronic
43957,Country
24786,Anime
29231,Alternative
51688,Jazz
63677,Alternative
60857,Jazz
90721,Anime
42199,Rock
37286,Alternative
48423,Classical
69748,Anime
64209,Jazz
78921,Anime
51820,Jazz
73654,Anime
37470,Country
36747,Hip-Hop
59316,Anime
57868,Country
26108,Jazz
90610,Rock
37401,Electronic
42836,Alternative
60187,Classical
76962,Rap
21987,Alternative
25590,Alternative
91202,Rock
21776,Alternative
52271,Anime
80021,Jazz
39210,Anime
72272,Classical
38117,Blues
77890,Country
46643,Blues
50459,Country
27444,Country
30281,Jazz
68231,Hip-Hop
41288,Alternative
41813,Rock
27726,Alternative
75946,Anime
54477,Classical
60539,Alternative
64859,Blues
83532,Classical
35064,Hip-Hop
67376,Hip-Hop
89310,Blues
42726,Anime
44658,Electronic
62922,Electronic
90371,Country
81680,Classical
59531,Blues
89899,Blues
91365,Rock
72735,Classical
44626,Hip-Hop
65158,Classical
52768,Blues
33317,Rap
90612,Classical
39582,Alternative
80146,Rock
47524,Electronic
47873,Alternative
89300,Rap
46562,Country
76114,Country
43717,Country
77758,Country
60284,Blues
88097,Country
39038,Country
75244,Country
84231,Blues
28462,Jazz
49911,Rock
56495,Rock
76250,Classical
65544,Rock
39269,Hip-Hop
33631,Jazz
48703,Jazz
38253,Anime
37849,Hip-Hop
65720,Hip-Hop
48828,Country
62073,Electronic
34598,Anime
34309,Country
70837,Blues
87581,Alternative
80606,Classical
37122,Classical
54084,Rock
45147,Hip-Hop
20360,Jazz
60150,Blues
20465,Hip-Hop
60222,Rock
69493,Rock
50507,Jazz
21340,Anime
57482,Electronic
22582,Alternative
32651,Electronic
36782,Rock
44475,Blues
39313,Electronic
45293,Blues
26344,Rap
59101,Jazz
44996,Anime
35107,Electronic
22683,Hip-Hop
63772,Blues
77616,Blues
85197,Hip-Hop
46633,Rock
91354,Jazz
34952,Hip-Hop
51615,Rock
25525,Blues
47649,Electronic
56748,Electronic
20884,Electronic
47129,Electronic
34669,Electronic
71953,Rock
44816,Hip-Hop
23924,Hip-Hop
89358,Anime
43198,Rock
39563,Rap
49136,Rock
35228,Hip-Hop
35377,Country
30876,Country
83732,Electronic
43852,Electronic
56229,Country
38786,Blues
76358,Rock
47725,Electronic
24256,Alternative
50014,Blues
85858,Electronic
31011,Rap
42385,Country
52222,Electronic
25067,Blues
31184,Classical
46433,Anime
72951,Rap
39957,Country
34259,Anime
80861,Blues
77717,Blues
47064,Anime
57809,Country
64673,Country
23211,Rock
46582,Jazz
27864,Alternative
43449,Jazz
66814,Rap
80772,Electronic
21700,Classical
56997,Blues
62782,Hip-Hop
78345,Rap
49627,Anime
20383,Rock
44918,Country
50227,Jazz
57200,Alternative
23736,Electronic
58542,Electronic
57997,Rock
79493,Hip-Hop
55552,Rap
40368,Jazz
71438,Anime
59613,Electronic
55561,Country
65228,Anime
87226,Anime
30969,Anime
58891,Jazz
84355,Alternative
78490,Blues
46866,Country
64700,Rap
48630,Alternative
28028,Classical
81849,Anime
23950,Blues
28528,Classical
85674,Anime
40630,Country
25401,Anime
49666,Electronic
49291,Alternative
89779,Country
76744,Hip-Hop
80590,Anime
68027,Rap
30573,Blues
30014,Rap
46225,Classical
28191,Anime
39845,Anime
31747,Country
43188,Electronic
39137,Blues
78156,Anime
45953,Electronic
29543,Hip-Hop
74482,Classical
22392,Blues
47464,Alternative
73368,Anime
83700,Jazz
71722,Classical
64156,Hip-Hop
67741,Rap
82374,Electronic
38127,Rock
78873,Rock
74151,Country
69342,Jazz
85438,Alternative
84246,Jazz
21037,Electronic
88397,Country
86766,Rock
63480,Anime
42673,Electronic
88581,Alternative
65088,Country
20267,Electronic
62067,Country
68121,Alternative
46272,Hip-Hop
72149,Jazz
55904,Rap
86710,Blues
36283,Electronic
52357,Electronic
37101,Alternative
38706,Alternative
70250,Country
77272,Anime
84793,Country
64494,Rock
33055,Anime
75033,Rock
30549,Rap
23092,Alternative
33885,Rock
22929,Alternative
62094,Jazz
79213,Rock
87496,Blues
86007,Electronic
89204,Blues
24317,Rap
91162,Anime
46628,Anime
37543,Alternative
24123,Jazz
55218,Blues
43637,Rock
73369,Rock
72828,Alternative
39764,Jazz
86143,Jazz
52911,Rap
36349,Alternative
28590,Classical
38080,Country
50808,Classical
51720,Alternative
24392,Rock
68320,Electronic
72497,Blues
21526,Hip-Hop
70374,Alternative
90085,Blues
47124,Alternative
22719,Rock
77308,Country
35575,Rock
76768,Blues
20395,Anime
90556,Blues
41893,Classical
82326,Alternative
58307,Hip-Hop
43364,Anime
36837,Country
90511,Electronic
22853,Hip-Hop
65781,Blues
64393,Anime
89582,Alternative
47294,Alternative
32779,Alternative
41788,Country
57562,Electronic
24961,Electronic
44317,Jazz
29423,Country
61643,Jazz
84829,Country
81489,Electronic
23701,Rock
28226,Rock
89928,Blues
26335,Jazz
50221,Rock
43923,Electronic
38209,Country
22285,Country
76724,Jazz
20453,Jazz
66558,Electronic
26018,Country
56562,Electronic
76614,Blues
67728,Electronic
89412,Classical
88673,Electronic
57745,Country
55750,Rock
43009,Rap
71077,Alternative
27329,Jazz
73772,Jazz
62166,Country
48011,Country
74691,Jazz
27404,Rock
81116,Blues
59649,Country
73443,Blues
25207,Classical
62411,Anime
88202,Rock
62065,Blues
69209,Jazz
87068,Jazz
49352,Rap
49380,Rap
77988,Anime
44070,Anime
58610,Rock
50345,Electronic
49042,Anime
57796,Alternative
28948,Blues
33931,Country
69015,Country
36460,Alternative
24513,Jazz
30015,Hip-Hop
21727,Country
85914,Jazz
30641,Rock
69335,Jazz
84974,Alternative
48529,Classical
85844,Rock
66013,Electronic
37281,Classical
57662,Rap
54159,Rap
23704,Blues
28650,Alternative
57613,Classical
34057,Rap
40235,Rock
37246,Country
52760,Anime
24743,Hip-Hop
86739,Alternative
50128,Alternative
40472,Hip-Hop
83208,Jazz
36072,Hip-Hop
79899,Country
22577,Rock
72859,Jazz
59165,Blues
74803,Electronic
72387,Country
87886,Country
74536,Jazz
39219,Rock
22139,Classical
81903,Blues
91317,Alternative
32570,Rap
33096,Anime
28818,Rap
91629,Hip-Hop
74346,Anime
49892,Rap
83680,Blues
51304,Anime
69621,Anime
61023,Alternative
83261,Electronic
20786,Country
83785,Country
86043,Country
24243,Electronic
28904,Rock
56573,Jazz
52216,Rap
75670,Anime
56904,Anime
32981,Jazz
28147,Hip-Hop
31827,Jazz
44057,Hip-Hop
74393,Blues
91203,Classical
36849,Country
29844,Hip-Hop
37652,Anime
46197,Rock
36371,Anime
80292,Electronic
63437,Rap
29282,Blues
81589,Country
30853,Blues
39426,Alternative
52956,Country
66869,Country
45300,Jazz
45008,Rock
35950,Electronic
23308,Alternative
61955,Country
54209,Blues
42541,Country
73303,Blues
38354,Alternative
74723,Rock
66012,Country
65848,Anime
50348,Rock
82744,Hip-Hop
53295,Jazz
30256,Country
42228,Rap
51695,Country
26666,Blues
56568,Jazz
50577,Hip-Hop
76781,Classical
45526,Country
90033,Country
87413,Anime
27557,Blues
65209,Jazz
62315,Country
78016,Country
84340,Country
41323,Rock
71288,Rap
20117,Jazz
46169,Alternative
83214,Country
38591,Alternative
35987,Classical
76148,Country
53145,Rap
70900,Blues
58592,Country
43615,Alternative
80635,Alternative
46026,Anime
41748,Alternative
66413,Electronic
84928,Country
46145,Alternative
20581,Rap
84199,Electronic
29208,Blues
79520,Rock
70806,Electronic
49026,Blues
35246,Electronic
51681,Blues
44017,Country
36688,Jazz
76340,Blues
60399,Hip-Hop
73616,Classical
90155,Blues
26535,Classical
71278,Rap
68131,Anime
20358,Classical
53425,Alternative
64374,Hip-Hop
48669,Electronic
53875,Hip-Hop
31975,Rap
73661,Rock
73275,Rock
90867,Anime
49520,Blues
47085,Country
68814,Rock
70478,Electronic
21796,Hip-Hop
70936,Jazz
41293,Rock
81407,Rap
43946,Anime
39797,Rock
32828,Rap
69698,Hip-Hop
44642,Alternative
67341,Jazz
37722,Jazz
29313,Rap
35847,Electronic
82661,Rap
23945,Anime
58452,Electronic
43732,Blues
23641,Jazz
29557,Anime
43983,Electronic
37494,Blues
32415,Blues
76374,Rap
84984,Jazz
67927,Blues
65771,Alternative
57781,Anime
37485,Country
33891,Anime
42131,Country
63313,Rock
24494,Rock
22110,Classical
57804,Hip-Hop
25430,Anime
72183,Anime
85161,Alternative
88713,Country
70599,Anime
54413,Country
88277,Alternative
58344,Jazz
57368,Jazz
55674,Blues
22501,Rap
79380,Jazz
86361,Blues
59091,Rap
47781,Jazz
58560,Jazz
63962,Classical
55241,Blues
55908,Jazz
71051,Electronic
84781,Rock
27079,Classical
75937,Rap
91061,Anime
58096,Country
50036,Classical
88173,Electronic
25660,Country
30728,Anime
47996,Classical
76138,Alternative
80692,Blues
26362,Jazz
30498,Country
82289,Classical
33021,Blues
48331,Rock
45022,Classical
60622,Rap
45122,Rap
39497,Electronic
44238,Jazz
26788,Alternative
82086,Electronic
82014,Jazz
44534,Classical
85331,Hip-Hop
72349,Alternative
84880,Rock
82675,Blues
53177,Classical
84961,Rap
29191,Classical
68175,Hip-Hop
83196,Blues
25611,Country
67598,Country
88181,Rock
66032,Blues
59802,Jazz
49425,Rock
52415,Electronic
65924,Rap
66293,Alternative
64910,Hip-Hop
85687,Country
42151,Electronic
81969,Rock
72242,Anime
78730,Electronic
91221,Blues
73183,Blues
36676,Rock
31302,Rock
39835,Electronic
35639,Electronic
79779,Electronic
21464,Jazz
48138,Blues
32710,Electronic
70591,Anime
73819,Blues
90526,Alternative
24727,Country
65742,Jazz
64978,Jazz
43250,Blues
41887,Country
78887,Rock
57611,Blues
20886,Classical
38232,Anime
41509,Rap
43494,Alternative
21472,Alternative
28890,Country
74447,Electronic
25323,Rock
89616,Blues
37299,Rock
69683,Rock
23872,Rap
63974,Jazz
37695,Classical
85700,Alternative
50392,Alternative
45290,Jazz
65739,Electronic
51604,Electronic
87088,Rap
47913,Alternative
57467,Alternative
79253,Electronic
52282,Electronic
20830,Jazz
54124,Classical
53888,Country
27253,Anime
25553,Alternative
80849,Classical
86283,Jazz
86278,Anime
56436,Alternative
43471,Rap
65177,Rock
78310,Classical
49104,Electronic
49880,Anime
25961,Hip-Hop
59664,Jazz
30416,Classical
41751,Anime
59182,Rock
74900,Country
81691,Electronic
70401,Anime
76315,Electronic
52807,Jazz
86624,Country
27929,Anime
68000,Country
24448,Blues
61653,Blues
85626,Country
23188,Electronic
58314,Alternative
67904,Electronic
32300,Alternative
43353,Anime
84798,Country
45697,Country
70699,Blues
88634,Country
63137,Electronic
46020,Blues
23366,Anime
78053,Blues
58885,Hip-Hop
26501,Alternative
87247,Blues
81042,Rap
91451,Anime
67092,Blues
22707,Electronic
60027,Anime
79614,Country
42232,Classical
78566,Country
74323,Anime
35250,Hip-Hop
26487,Anime
74918,Jazz
64763,Anime
20207,Jazz
67874,Electronic
32150,Classical
74865,Hip-Hop
87609,Country
75522,Rock
32168,Blues
29840,Jazz
91604,Rap
56690,Blues
45586,Hip-Hop
72145,Anime
62311,Classical
67041,Anime
51227,Country
68065,Country
87058,Hip-Hop
79402,Country
74033,Electronic
89481,Country
23381,Blues
28307,Classical
83362,Country
26896,Alternative
76758,Rock
79063,Blues
37272,Country
47235,Rap
23517,Jazz
30552,Alternative
91116,Alternative
72566,Hip-Hop
25542,Classical
41098,Anime
70197,Country
56304,Country
86506,Blues
35445,Classical
32762,Blues
24334,Electronic
27609,Electronic
24748,Rock
71516,Country
61853,Hip-Hop
37976,Electronic
64340,Classical
21351,Anime
74994,Country
45754,Alternative
25793,Rap
36950,Rock
62781,Rock
23020,Rock
25153,Alternative
53216,Country
29536,Rock
85300,Anime
43981,Blues
20762,Jazz
36639,Country
81059,Rap
21208,Anime
70362,Electronic
45062,Blues
28424,Rap
60307,Alternative
84173,Alternative
58214,Anime
32853,Alternative
39861,Blues
30870,Alternative
82378,Anime
39245,Jazz
39490,Jazz
72731,Electronic
50954,Rock
27297,Jazz
56808,Classical
33865,Rap
29152,Electronic
45256,Alternative
65950,Electronic
86650,Country
53167,Jazz
70702,Alternative
42880,Jazz
72998,Country
60926,Alternative
65268,Country
31123,Anime
79491,Country
46105,Classical
61118,Country
90719,Rock
89429,Electronic
59615,Rap
50006,Jazz
47651,Jazz
32453,Country
54844,Rap
83307,Country
64429,Classical
60702,Rock
39647,Country
64904,Hip-Hop
28648,Electronic
75806,Rock
26278,Blues
65748,Blues
30513,Jazz
56319,Hip-Hop
48586,Anime
35897,Electronic
69808,Blues
75701,Blues
64931,Hip-Hop
28749,Rock
47092,Hip-Hop
90877,Rap
62628,Blues
33549,Classical
91327,Jazz
39451,Alternative
59693,Classical
65790,Classical
88908,Jazz
55460,Country
39533,Country
32597,Rap
54946,Country
60349,Electronic
75418,Rap
91254,Electronic
80009,Country
85226,Anime
37838,Anime
46286,Electronic
26352,Electronic
22369,Electronic
46769,Alternative
24409,Hip-Hop
87623,Electronic
31054,Anime
89801,Jazz
41337,Blues
60854,Jazz
71518,Electronic
89498,Blues
20504,Classical
29016,Jazz
63643,Hip-Hop
83218,Rock
69449,Country
27425,Country
74771,Country
87897,Classical
73861,Country
25424,Rap
54242,Alternative
88529,Rap
38694,Alternative
77116,Blues
85371,Rap
57871,Country
71531,Rap
54707,Country
32146,Electronic
90326,Classical
53209,Rap
87600,Classical
43100,Alternative
21584,Rap
22639,Jazz
50109,Country
58299,Electronic
39094,Alternative
34466,Classical
38869,Jazz
36908,Rock
91518,Country
62115,Electronic
59611,Rock
61491,Blues
23147,Jazz
30948,Country
21375,Rap
47135,Rock
42333,Blues
50563,Country
39727,Blues
34989,Electronic
65760,Electronic
63024,Rap
48836,Hip-Hop
49258,Blues
68066,Electronic
41451,Classical
71745,Blues
71414,Rap
31688,Country
91646,Jazz
77126,Country
79127,Jazz
46900,Rock
89869,Alternative
61860,Country
77794,Country
68991,Hip-Hop
55896,Electronic
48404,Rap
55689,Blues
66949,Electronic
69596,Rap
87064,Country
61896,Country
21287,Alternative
57785,Classical
69474,Alternative
32686,Classical
80862,Blues
25275,Country
41818,Jazz
30593,Classical
62184,Country
61474,Blues
44511,Electronic
74322,Blues
47272,Hip-Hop
80961,Alternative
41095,Classical
80195,Jazz
36565,Country
81069,Rock
38263,Alternative
60573,Anime
73251,Classical
73223,Electronic
58347,Jazz
64887,Country
64824,Country
28635,Electronic
32129,Classical
33939,Rock
22659,Anime
51398,Anime
41083,Alternative
31767,Classical
88574,Hip-Hop
66514,Alternative
82239,Jazz
56038,Blues
29218,Country
25177,Rock
86809,Rap
21214,Electronic
65618,Electronic
62265,Anime
39214,Country
41292,Blues
22713,Alternative
45200,Country
52666,Rap
42623,Country
42649,Rap
39946,Rap
58554,Anime
20385,Electronic
82693,Rock
62243,Country
65683,Anime
84762,Anime
43866,Blues
39699,Alternative
82923,Blues
29203,Country
68854,Hip-Hop
30818,Anime
60003,Jazz
88193,Anime
52044,Electronic
90483,Blues
75702,Alternative
32560,Classical
70631,Anime
80471,Hip-Hop
28251,Rap
62855,Electronic
83949,Classical
25747,Jazz
54341,Classical
83119,Country
88078,Anime
29425,Blues
58804,Anime
68885,Electronic
34995,Country
55179,Classical
40554,Anime
79281,Rock
70626,Blues
22408,Hip-Hop
73849,Anime
40768,Classical
38122,Country
52829,Hip-Hop
53234,Country
24685,Alternative
32082,Rap
44313,Anime
80357,Electronic
58853,Rock
56049,Anime
34458,Alternative
28618,Hip-Hop
34633,Country
83489,Jazz
86886,Electronic
31045,Alternative
63983,Rap
76288,Hip-Hop
62531,Blues
75277,Electronic
89518,Hip-Hop
49831,Country
56485,Rap
27760,Jazz
74318,Anime
77437,Country
61240,Anime
55194,Rap
33890,Classical
42581,Alternative
59407,Rock
67658,Anime
33446,Rock
45225,Electronic
89135,Country
42364,Rock
81128,Blues
31284,Rock
56921,Hip-Hop
36706,Country
53581,Country
80310,Alternative
89906,Rock
29103,Alternative
42644,Electronic
63433,Country
32972,Country
32013,Alternative
35045,Jazz
21297,Electronic
68050,Country
76572,Electronic
27090,Country
27128,Country
72202,Hip-Hop
40806,Alternative
49697,Rap
51768,Rap
71778,Alternative
76817,Hip-Hop
44993,Hip-Hop
44122,Anime
74612,Rock
41430,Blues
62162,Jazz
45578,Jazz
57259,Rap
25035,Classical
63280,Rock
53988,Electronic
58493,Anime
41325,Rock
39872,Electronic
51150,Rap
41960,Alternative
59880,Blues
42955,Jazz
63226,Hip-Hop
43752,Rock
84912,Anime
34280,Jazz
41476,Classical
67393,Rock
35415,Country
82306,Rap
26513,Alternative
58716,Jazz
60245,Jazz
59328,Country
22863,Electronic
57943,Rap
29311,Jazz
59043,Jazz
61733,Rock
78165,Classical
88027,Rap
83158,Country
69537,Electronic
21524,Blues
43765,Anime
74041,Country
75416,Jazz
62003,Electronic
62409,Country
24266,Blues
80172,Anime
61035,Jazz
25859,Rap
75624,Jazz
22453,Hip-Hop
67113,Rap
40330,Jazz
60400,Electronic
74814,Jazz
49120,Jazz
90502,Country
67997,Country
81866,Electronic
81427,Country
78819,Blues
20477,Rock
90542,Rock
63416,Blues
32844,Anime
38754,Alternative
57397,Jazz
59796,Country
35863,Anime
49940,Country
86592,Country
87010,Rap
51211,
27075,
36087,
46731,
21972,
89697,
71984,
31581,
86868,
78440,
72967,
61077,
68687,
48012,
32325,
66649,
36580,
33094,
24377,
32932,
67296,
43685,
71453,
76509,
73146,
34654,
88756,
22331,
55189,
41996,
56430,
52392,
59456,
38680,
29852,
31781,
47716,
74334,
21404,
80346,
48346,
81597,
68865,
86740,
86360,
44153,
67912,
65044,
27150,
84741,
30710,
50010,
90435,
89102,
51335,
22396,
56407,
65190,
63938,
58256,
86901,
43823,
32832,
91240,
77543,
79967,
66664,
48363,
68234,
50219,
27335,
65214,
90138,
35523,
53878,
69341,
41980,
86530,
48403,
86158,
32292,
82888,
73344,
90679,
84167,
47724,
41760,
91293,
29710,
76210,
70969,
83542,
54250,
65362,
72369,
42735,
52922,
84756,
55667,
54671,
23163,
25226,
39816,
79494,
88157,
27590,
76919,
83986,
43300,
82211,
75999,
78508,
71489,
71218,
28212,
83983,
77711,
40137,
80486,
82181,
51508,
44925,
52077,
67270,
91078,
68915,
79384,
59394,
32652,
66332,
46811,
81918,
53188,
50235,
84467,
34689,
33413,
37777,
39971,
44529,
22701,
31806,
80517,
72132,
23543,
63618,
29575,
35290,
81244,
66996,
43048,
34795,
66836,
45997,
62738,
85064,
88628,
67563,
80617,
40531,
29523,
87132,
68671,
34218,
91208,
91273,
40928,
24622,
40045,
72446,
28636,
37015,
36651,
48152,
34429,
29474,
89944,
86129,
46599,
62155,
87335,
32943,
38757,
44364,
27855,
38936,
81188,
53559,
73731,
22518,
23239,
66534,
37969,
73774,
48348,
63768,
47008,
34512,
64560,
67250,
74484,
50549,
56824,
71447,
23513,
90318,
33750,
83822,
67059,
54637,
43742,
81161,
47039,
36556,
39416,
68547,
34706,
48432,
33590,
74609,
45206,
39398,
56521,
27922,
34225,
22397,
89985,
81154,
25091,
45179,
48609,
26210,
86058,
80191,
71912,
24051,
79149,
36791,
55200,
21601,
30335,
27790,
30792,
86292,
43883,
89133,
28530,
44561,
59445,
42703,
63039,
74872,
72432,
61270,
64056,
82668,
46958,
83646,
68911,
70327,
30022,
54442,
31599,
45069,
56172,
32138,
70269,
66648,
28057,
20690,
60862,
25864,
54680,
78483,
34344,
77857,
43662,
54861,
79123,
74001,
74435,
23793,
51038,
34414,
84149,
59343,
43191,
74930,
21591,
20611,
63898,
32585,
24531,
85785,
28896,
32301,
21744,
63290,
62761,
80601,
48059,
52893,
83342,
65647,
62977,
35008,
86877,
62569,
63799,
50420,
33097,
20739,
28900,
81423,
89331,
63590,
90798,
58739,
77699,
46009,
54988,
55499,
77068,
74349,
82970,
20926,
79764,
38308,
53963,
50592,
85311,
41969,
59087,
44036,
54103,
53006,
65399,
84837,
46137,
64516,
83610,
33568,
77804,
47760,
76515,
20598,
67080,
21044,
70339,
81317,
40320,
28372,
79513,
83183,
25072,
48004,
23036,
77046,
67631,
69578,
82260,
37268,
40863,
80830,
71769,
22402,
67516,
71181,
55865,
88546,
86643,
68228,
51082,
50715,
83674,
32069,
53516,
20808,
57473,
33598,
53692,
54765,
50500,
70957,
78301,
36970,
54675,
78460,
50673,
20515,
37120,
55315,
51810,
90553,
62664,
45710,
36172,
43542,
50085,
85837,
41557,
85833,
68489,
49497,
73878,
64304,
79435,
64740,
50156,
88433,
76598,
84433,
32719,
28963,
25571,
40547,
71867,
73165,
66206,
41496,
51806,
74123,
69136,
75526,
44972,
45016,
88988,
41685,
74377,
46651,
65111,
53347,
56393,
54665,
76820,
78963,
32479,
76223,
72203,
88737,
66907,
46311,
66981,
89181,
59205,
88477,
86758,
72690,
46163,
88103,
42552,
64197,
45971,
32045,
46841,
87406,
20938,
77493,
50255,
68535,
20931,
45843,
37484,
79284,
75893,
36723,
26734,
60803,
83778,
60936,
81234,
74647,
87416,
89277,
59083,
50977,
65227,
37274,
75097,
46138,
87716,
63886,
75769,
75445,
86036,
50661,
70673,
39922,
86246,
20619,
56867,
81167,
81583,
39187,
85917,
64378,
51706,
63264,
38148,
37067,
87309,
39925,
49476,
90918,
69478,
77715,
76516,
32208,
21609,
38394,
61107,
20784,
34732,
82985,
60526,
86153,
54090,
75324,
25574,
31673,
46208,
91104,
41959,
39773,
88463,
85431,
49452,
82538,
81449,
35273,
75355,
54077,
44202,
83093,
76033,
30136,
58732,
77212,
24565,
21425,
53539,
54382,
78603,
69240,
64236,
49288,
74433,
84897,
86738,
27641,
41635,
84233,
84169,
80592,
71577,
51597,
61688,
87511,
26243,
32774,
44196,
57522,
88711,
57202,
90937,
91193,
71922,
55650,
70516,
22765,
49054,
31985,
60466,
42813,
30417,
33504,
70056,
26176,
32389,
31980,
72832,
76955,
86921,
57649,
29119,
53816,
78259,
55246,
52157,
27309,
52251,
90172,
33315,
73737,
40686,
83858,
20046,
49376,
55039,
90687,
63800,
51949,
53983,
31433,
42419,
70758,
31782,
39170,
36777,
43780,
75944,
73801,
33538,
32236,
78371,
51069,
79484,
66846,
34590,
63427,
33301,
70849,
40284,
26230,
21545,
60089,
20174,
65359,
32960,
83552,
68774,
31926,
85850,
32242,
74523,
52709,
75031,
58522,
82027,
83903,
62271,
57450,
78994,
43909,
55686,
23831,
85918,
57303,
71360,
24844,
76160,
54059,
78523,
34240,
22291,
75641,
77047,
74993,
41587,
21008,
22358,
55614,
45080,
43768,
50581,
45356,
59672,
20418,
38661,
62100,
62802,
20320,
25220,
87448,
27349,
44321,
37518,
45982,
40393,
83287,
64397,
60059,
84023,
58718,
88037,
71768,
24939,
24842,
84225,
51528,
23156,
31779,
67890,
63632,
23518,
71748,
57761,
49932,
34976,
29473,
65999,
22872,
49961,
72610,
37139,
26965,
65337,
37847,
88166,
23651,
61669,
77976,
49922,
53534,
64527,
53960,
30658,
25661,
89976,
51240,
29943,
73657,
84972,
53461,
46904,
52280,
25765,
91569,
66704,
65270,
87311,
27070,
87853,
58324,
38771,
23706,
69287,
79139,
81566,
84744,
84870,
40209,
73823,
74571,
33019,
29348,
35043,
30086,
49559,
81469,
74150,
53156,
58814,
52731,
41863,
73776,
27580,
51010,
72491,
87495,
44304,
67276,
46781,
64054,
53061,
23484,
33247,
67542,
73104,
57420,
69848,
88690,
32843,
74018,
23673,
37520,
22236,
87108,
79353,
87241,
29524,
74792,
44433,
23485,
28761,
58163,
32043,
29685,
90247,
40372,
53275,
37269,
74532,
22158,
21794,
55632,
49098,
50933,
43635,
68322,
24234,
37507,
48217,
54252,
88239,
83304,
46394,
54454,
34902,
60016,
56803,
21003,
41180,
90984,
27170,
62777,
64216,
24114,
40347,
49913,
46434,
53066,
24883,
89554,
65967,
66614,
46437,
61482,
53142,
82463,
39386,
38074,
45281,
54873,
53531,
38116,
23972,
67050,
71460,
53568,
27319,
41508,
42934,
48977,
73300,
64628,
58843,
71611,
24597,
48006,
41194,
88272,
49694,
28822,
91064,
25911,
40395,
67195,
53104,
22069,
65076,
38955,
49396,
51469,
52716,
37807,
84442,
28695,
58786,
20528,
29157,
65962,
39107,
83131,
77824,
21238,
60166,
88047,
77238,
69097,
88817,
44965,
85310,
41905,
29535,
59238,
36277,
53408,
42487,
27762,
55470,
38695,
86520,
82696,
42947,
72726,
22499,
39965,
26177,
78715,
73135,
29573,
82048,
77511,
42421,
30592,
60193,
36913,
27637,
88879,
31538,
24142,
25333,
26021,
89716,
23175,
51253,
43052,
50395,
66235,
81684,
89652,
25521,
55996,
56886,
45556,
34141,
68212,
82456,
82891,
50086,
88093,
67093,
76025,
76499,
66894,
40794,
53098,
51897,
34917,
68600,
68758,
50725,
23584,
28533,
73939,
86954,
33098,
36957,
70354,
82718,
38078,
48881,
47415,
76915,
57139,
91578,
71812,
56132,
44781,
81985,
51096,
89253,
57088,
74511,
64506,
44106,
68494,
22431,
69369,
37517,
32244,
70514,
28273,
77619,
40511,
41945,
55244,
44111,
53711,
20473,
71419,
30352,
42803,
24072,
42329,
75206,
46946,
25919,
57431,
80647,
89681,
87908,
87573,
72969,
24194,
36501,
63037,
30449,
75887,
48904,
23612,
81052,
56978,
71954,
69971,
65581,
44653,
64846,
44933,
33769,
26726,
81633,
69689,
60663,
64109,
85721,
65187,
40740,
79394,
29835,
44010,
90145,
70227,
71232,
58913,
36541,
29320,
88355,
86139,
34852,
60390,
80464,
22936,
32077,
80580,
56550,
78512,
55937,
78356,
90942,
72602,
53100,
56419,
84049,
33415,
35376,
22262,
58098,
47033,
63179,
52343,
73395,
56125,
50015,
55704,
25098,
49556,
54874,
42665,
59925,
73734,
66346,
31075,
85763,
47109,
61495,
31801,
24466,
69195,
43488,
71893,
42846,
86287,
73683,
68314,
91672,
75902,
63924,
91136,
51578,
75864,
42639,
35483,
35632,
82808,
78999,
83389,
74104,
41249,
74596,
35909,
69032,
48778,
68422,
55605,
48125,
63223,
81700,
35612,
48312,
37533,
25117,
27234,
24391,
72707,
56983,
24799,
61061,
52478,
27545,
57525,
90910,
21486,
79507,
78202,
25721,
40700,
58603,
33961,
91412,
33530,
25469,
62616,
53290,
76727,
76881,
91049,
50428,
29115,
66318,
34088,
60512,
42399,
32616,
77966,
26355,
78599,
62316,
71375,
46867,
84681,
22731,
26289,
52642,
73313,
75671,
89501,
87535,
48166,
28691,
35692,
39197,
68879,
34180,
83437,
71410,
32954,
49779,
31395,
82268,
66952,
44443,
24037,
77455,
76191,
50210,
81941,
67547,
34924,
65388,
72593,
69692,
76571,
53822,
77350,
87983,
51816,
60344,
34697,
50532,
26255,
79778,
47986,
